{"cameraMode":{"drawMode":0,"name":"Shaded","section":"Shading Mode"},"sceneLighting":false,"audioPlay":false,"sceneViewState":{"m_AlwaysRefresh":false,"showFog":true,"showSkybox":false,"showFlares":true,"showImageEffects":true,"showParticleSystems":true,"showVisualEffectGraphs":true,"m_FxEnabled":false},"in2DMode":false,"pivot":{"x":1.7896945476531983,"y":3.0000600814819338,"z":-0.2593100070953369},"rotation":{"x":0.04585561156272888,"y":-0.9509273171424866,"z":0.17196491360664369,"w":0.2533109188079834},"size":0.24981677532196046,"orthographic":false}