{"cameraMode":{"drawMode":0,"name":"Shaded","section":"Shading Mode"},"sceneLighting":true,"audioPlay":false,"sceneViewState":{"m_AlwaysRefresh":false,"showFog":true,"showSkybox":true,"showFlares":true,"showImageEffects":true,"showParticleSystems":true,"showVisualEffectGraphs":true,"m_FxEnabled":false},"in2DMode":false,"pivot":{"x":1.1005915403366089,"y":1.0489846467971802,"z":-2.7076504230499269},"rotation":{"x":-0.02739590033888817,"y":0.9430827498435974,"z":-0.3216964602470398,"w":-0.08037643134593964},"size":1.9669060707092286,"orthographic":false}