{"cameraMode":{"drawMode":0,"name":"Shaded","section":"Shading Mode"},"sceneLighting":true,"audioPlay":false,"sceneViewState":{"m_AlwaysRefresh":false,"showFog":true,"showSkybox":true,"showFlares":true,"showImageEffects":true,"showParticleSystems":true,"showVisualEffectGraphs":true,"m_FxEnabled":false},"in2DMode":false,"pivot":{"x":-0.14508672058582307,"y":3.1273396015167238,"z":-0.33301103115081789},"rotation":{"x":-0.018728746101260186,"y":0.9517900347709656,"z":-0.3003714978694916,"w":-0.05934591963887215},"size":1.3728314638137818,"orthographic":false}