{"cameraMode":{"drawMode":0,"name":"Shaded","section":"Shading Mode"},"sceneLighting":false,"audioPlay":false,"sceneViewState":{"m_AlwaysRefresh":false,"showFog":true,"showSkybox":true,"showFlares":true,"showImageEffects":true,"showParticleSystems":true,"showVisualEffectGraphs":true,"m_FxEnabled":false},"in2DMode":false,"pivot":{"x":-4.581921577453613,"y":2.4880905151367189,"z":-0.5356316566467285},"rotation":{"x":0.02189323492348194,"y":-0.8462725281715393,"z":0.03483501449227333,"w":0.5311989188194275},"size":3.9886300563812258,"orthographic":false}