{"cameraMode":{"drawMode":0,"name":"Shaded","section":"Shading Mode"},"sceneLighting":true,"audioPlay":false,"sceneViewState":{"m_AlwaysRefresh":false,"showFog":true,"showSkybox":true,"showFlares":true,"showImageEffects":true,"showParticleSystems":true,"showVisualEffectGraphs":true,"m_FxEnabled":false},"in2DMode":false,"pivot":{"x":0.8213256001472473,"y":3.4564340114593508,"z":-1.6477570533752442},"rotation":{"x":-0.04699794575572014,"y":-0.9505120515823364,"z":0.25005847215652468,"w":-0.17888598144054414},"size":1.2930973768234254,"orthographic":false}