{"cameraMode":{"drawMode":0,"name":"Shaded","section":"Shading Mode"},"sceneLighting":true,"audioPlay":false,"sceneViewState":{"m_AlwaysRefresh":false,"showFog":true,"showSkybox":true,"showFlares":true,"showImageEffects":true,"showParticleSystems":true,"showVisualEffectGraphs":true,"m_FxEnabled":false},"in2DMode":false,"pivot":{"x":-1.5617868900299073,"y":3.1159937381744386,"z":0.6776178479194641},"rotation":{"x":0.19531260430812837,"y":-0.7508552074432373,"z":0.2539888620376587,"w":0.5776863098144531},"size":2.9505417346954347,"orthographic":false}