{"cameraMode":{"drawMode":0,"name":"Shaded","section":"Shading Mode"},"sceneLighting":true,"audioPlay":false,"sceneViewState":{"m_AlwaysRefresh":false,"showFog":true,"showSkybox":true,"showFlares":true,"showImageEffects":true,"showParticleSystems":true,"showVisualEffectGraphs":true,"m_FxEnabled":false},"in2DMode":false,"pivot":{"x":0.9145568609237671,"y":0.7608048319816589,"z":-1.8543264865875245},"rotation":{"x":-0.017812589183449746,"y":-0.9096922874450684,"z":0.41328752040863039,"w":-0.03924262896180153},"size":3.637615203857422,"orthographic":false}