{"cameraMode":{"drawMode":0,"name":"Shaded","section":"Shading Mode"},"sceneLighting":true,"audioPlay":false,"sceneViewState":{"m_AlwaysRefresh":false,"showFog":true,"showSkybox":true,"showFlares":true,"showImageEffects":true,"showParticleSystems":true,"showVisualEffectGraphs":true,"m_FxEnabled":false},"in2DMode":false,"pivot":{"x":2.5026333332061769,"y":3.0650477409362795,"z":-0.5992026329040527},"rotation":{"x":0.005446283612400293,"y":-0.9793205261230469,"z":0.20104876160621644,"w":0.026311513036489488},"size":2.3975167274475099,"orthographic":false}