{"cameraMode":{"drawMode":0,"name":"Shaded","section":"Shading Mode"},"sceneLighting":false,"audioPlay":false,"sceneViewState":{"m_AlwaysRefresh":false,"showFog":true,"showSkybox":true,"showFlares":true,"showImageEffects":true,"showParticleSystems":true,"showVisualEffectGraphs":true,"m_FxEnabled":false},"in2DMode":false,"pivot":{"x":1.6085231304168702,"y":1.4855282306671143,"z":-1.87579345703125},"rotation":{"x":-0.008351264521479607,"y":-0.9548839330673218,"z":0.29570358991622927,"w":-0.026940351352095605},"size":3.746724843978882,"orthographic":false}