{"cameraMode":{"drawMode":0,"name":"Shaded","section":"Shading Mode"},"sceneLighting":true,"audioPlay":false,"sceneViewState":{"m_AlwaysRefresh":false,"showFog":true,"showSkybox":true,"showFlares":true,"showImageEffects":true,"showParticleSystems":true,"showVisualEffectGraphs":true,"m_FxEnabled":false},"in2DMode":false,"pivot":{"x":-3.1471164226531984,"y":2.9823129177093508,"z":-3.3595569133758547},"rotation":{"x":-0.008297791704535485,"y":0.9118374586105347,"z":-0.01835099421441555,"w":-0.4102884531021118},"size":4.0209736824035648,"orthographic":false}