{"cameraMode":{"drawMode":0,"name":"Shaded","section":"Shading Mode"},"sceneLighting":false,"audioPlay":false,"sceneViewState":{"m_AlwaysRefresh":false,"showFog":true,"showSkybox":true,"showFlares":true,"showImageEffects":true,"showParticleSystems":true,"showVisualEffectGraphs":true,"m_FxEnabled":false},"in2DMode":false,"pivot":{"x":-2.304474353790283,"y":2.748061180114746,"z":2.1725199222564699},"rotation":{"x":0.03529555723071098,"y":-0.41653913259506228,"z":0.016158314421772958,"w":0.9083065390586853},"size":3.219604253768921,"orthographic":false}