{"cameraMode":{"drawMode":0,"name":"Shaded","section":"Shading Mode"},"sceneLighting":true,"audioPlay":false,"sceneViewState":{"m_AlwaysRefresh":false,"showFog":true,"showSkybox":true,"showFlares":true,"showImageEffects":true,"showParticleSystems":true,"showVisualEffectGraphs":true,"m_FxEnabled":false},"in2DMode":false,"pivot":{"x":0.004472776781767607,"y":4.575927257537842,"z":1.805119514465332},"rotation":{"x":0.009434864856302739,"y":-0.9159824252128601,"z":0.4007188379764557,"w":0.021786155179142953},"size":0.2631881833076477,"orthographic":false}