{"cameraMode":{"drawMode":0,"name":"Shaded","section":"Shading Mode"},"sceneLighting":true,"audioPlay":false,"sceneViewState":{"m_AlwaysRefresh":false,"showFog":true,"showSkybox":true,"showFlares":true,"showImageEffects":true,"showParticleSystems":true,"showVisualEffectGraphs":true,"m_FxEnabled":false},"in2DMode":false,"pivot":{"x":-0.24487589299678803,"y":2.8545098304748537,"z":-0.31774210929870608},"rotation":{"x":0.018915323540568353,"y":-0.9228609800338745,"z":0.3821953237056732,"w":0.045668281614780429},"size":1.0464086532592774,"orthographic":false}