{"cameraMode":{"drawMode":0,"name":"Shaded","section":"Shading Mode"},"sceneLighting":false,"audioPlay":false,"sceneViewState":{"m_AlwaysRefresh":false,"showFog":true,"showSkybox":false,"showFlares":true,"showImageEffects":true,"showParticleSystems":true,"showVisualEffectGraphs":true,"m_FxEnabled":false},"in2DMode":false,"pivot":{"x":-0.013880014419555664,"y":0.5033637285232544,"z":-0.0193060040473938},"rotation":{"x":0.015459096059203148,"y":-0.9736949801445007,"z":0.21649938821792603,"w":0.06952860951423645},"size":3.333120584487915,"orthographic":false}